step,t_rel
start,1.9797123968601227e-05
service1_announce_received,3.226865434087813
service1_bid_offer_sent,3.2268674119841307
service1_winner_received,11.290377575205639
service1_deploy_start,11.29819426103495
service1_get_deploy_info_from_consumer,11.314105428056791
service1_deploy_finished,16.89573850808665
service1_confirm_deploy_sent,16.895740579115227
end,16.929260287201032
