step,t_rel
start,4.626181907951832e-05
service1_announce_received,3.9724406749010086
service1_bid_offer_sent,3.9724426600150764
service1_winner_received,9.973679366987199
service1_deploy_start,9.9822605708614
service1_get_deploy_info_from_consumer,9.998175225919113
service1_deploy_finished,15.534356115851551
service1_confirm_deploy_sent,15.534358986886218
end,15.568428543861955
