step,t_rel
start,7.214955985546112e-06
service1_announce_received,3.220173629000783
service1_bid_offer_sent,3.2201759971212596
service1_winner_received,11.281452564056963
service1_deploy_start,11.289550761925057
service1_get_deploy_info_from_consumer,11.305185923120007
service1_deploy_finished,16.884715338936076
service1_confirm_deploy_sent,16.88471730099991
end,16.92026372696273
